mean,std
1.6832131404701157e-17,1.0000000000000002
