mean,std
17.389948095669055,40.382200378343875
